,Name,Code,ICAO
0,21 Air,2I,CSB
1,247 Aviation,,EMC
2,2Excel Aviation,,BRO
3,4 Airways,,DAK
4,40-Mile Air,Q5,MLA
5,748 Air Services,FE,IHO
6,9 Air,AQ,JYH
7,Abakan Air,S5,NKP
8,ABS Jets,,ABP
9,Abu Dhabi Aviation,,BAR
10,ABX Air,GB,ABX
11,Acass Ireland,,SON
12,Advanced Air,AN,WSN
13,Aegean Airlines,A3,AEE
14,Aer Lingus,EI,EIN
15,Aer Lingus UK,EG,EUK
16,AerCaribe,JK,ACL
17,Aero,5E,BLK
18,Aero,N2,NIG
19,Aero Asahi Corporation,,AKF
20,Aero Charter,,GLT
21,Aero Charter and Transport,,CTA
22,Aero Dili,8G,DTL
23,Aero FlightOps UK,FO,UKA
24,Aero Guernsey,,AEO
25,Aero K,RF,EOK
26,Aero Mongolia,M0,MNG
27,Aero Nomad,KA,ANK
28,Aero Sotravia,,ASR
29,Aero Ways,,TKK
30,Aero-Beta Flight Training,,ABA
31,Aero-Dienst,,ADN
32,Aero-Service,,RSR
33,Aeroflot,SU,AFL
34,AeroGuard Flight Training Center,,ASI
35,Aeroitalia,XZ,AEZ
36,Aerojet Tomza,,EZI
37,Aerolineas Argentinas,AR,ARG
38,Aerolineas Ejecutivas,,LET
39,Aerolineas Sosa,P4,NSO
40,Aerolink Uganda,A8,XAU
41,AeroLogic,3S,BOX
42,Aeromas,UY,MSM
43,Aeromexico,AM,AMX
44,Aeromexico Connect,5D,SLI
45,Aeronaves TSM,,VTM
46,Aeropartner,,DFC
47,Aeropyrenees,,EAP
48,Aeroregional,6G,RER
49,Aeroservicios de la Costa,,TAA
50,Aerostan,KW,BSC
51,Aerosucre,A4,KRE
52,Aerosul Linhas Aereas,,ASO
53,Aerotec,,AEP
54,Aerotours,,ATU
55,Aerotranscargo,F5,ATG
56,AeroUnion,6R,TNO
57,Aerovias DAP,V5,DAP
58,Aerovis Airlines,,VIZ
59,Aeroways,,MCK
60,Aerus,ZV,RFD
61,AF-Aviation,,AFF
62,Africa Airlines,,AAT
63,Africa Charter Airline,,FSK
64,Africa World Airlines,AW,AFW
65,African Express Airways,XU,AXK
66,Afrijet,J7,ABS
67,Afriqiyah Airways,8U,AAW
68,Aims Community College,,RTY
69,Air 1st Aviation,,RUF
70,Air Adelphi,,MUS
71,Air Albania,ZB,ABN
72,Air Algerie,AH,DAH
73,Air Alliance,,AYY
74,Air Alsie,6I,MMD
75,Air Anka,TZ,TAH
76,Air Arabia,G9,ABY
77,Air Arabia Abu Dhabi,3L,ADY
78,Air Arabia Egypt,E5,RBG
79,Air Arabia Maroc,3O,MAC
80,Air Astana,KC,KZR
81,Air Astra,2A,AWA
82,Air Atlanta Europe,CT,AAE
83,Air Atlanta Icelandic,CC,ABD
84,Air Austral,UU,REU
85,Air Bagan,W9,JAB
86,Air Baltic,BT,BTI
87,Air Belgium,KF,ABB
88,Air Bohemia,,BOH
89,Air Borealis,,LBR
90,Air Botswana,BP,BOT
91,Air Burkina,2J,VBW
92,Air Busan,BX,ABL
93,Air Cairo,SM,MSC
94,Air Caledonie,TY,TPC
95,Air Canada,AC,ACA
96,Air Canada Rouge,RV,ROU
97,Air Caraibes,TX,FWI
98,Air Caraïbes Atlantique,,CAJ
99,Air Care Alliance,,CMF
100,Air Cargo Carriers,2Q,SNC
101,Air Central,GI,LHA
102,Air Century,Y2,CEY
103,Air Changan,9H,CGN
104,Air Charity Network,,NGF
105,Air Charter Scotland,,EDC
106,Air Charter Scotland Europe,,SCO
107,Air Charters Europe,,AGR
108,Air Chathams,3C,CVA
109,Air China,CA,CCA
110,Air China Cargo,,CAO
111,Air China Inner Mongolia,,CNM
112,Air Class,,QCL
113,Air Corporate,,CPV
114,Air Corsica,XK,CCM
115,Air Costa Rica,RI,RII
116,Air Cote d'Ivoire,HF,VRE
117,Air Creebec,YN,CRQ
118,Air Deccan,,DKN
119,Air Dilijans,RM,NGT
120,Air Djibouti,DJ,DJB
121,Air Do,HD,ADO
122,Air Dolomiti,EN,DLA
123,Air Eagle,,EPE
124,Air Europa,UX,AEA
125,Air Europa Express,X5,OVA
126,Air Excel,,XLL
127,Air Falcon,FS,FPK
128,Air Flamenco,F4,WAF
129,Air France,AF,AFR
130,Air France Hop,A5,HOP
131,Air Ghana,,GHN
132,Air Greenland,GL,GRL
133,Air Hong Kong,LD,AHK
134,Air Horizont,HT,HAT
135,Air Incheon,KJ,AIH
136,Air India,AI,AIC
137,Air India Express,IX,AXB
138,Air Inuit,3H,AIE
139,Air Japan,NQ,AJX
140,Air Key West,,KWX
141,Air Kiribati,IK,AKL
142,Air Koryo,JS,KOR
143,Air Leisure,AL,ALD
144,Air Liaison,DU,LSJ
145,Air Libya,7I,TLR
146,Air Loyaute,,RLY
147,Air Macau,NX,AMU
148,Air Macran,,AMH
149,Air Madagascar,MD,MDG
150,Air Malta,KM,AMC
151,Air Manas,ZM,MBB
152,Air Mauritius,MK,MAU
153,Air Mediterranean,MV,MAR
154,Air Methods,,LIF
155,Air Moana,NM,NTR
156,Air Moldova,9U,MLD
157,Air Montenegro,4O,MNE
158,Air Mountain,,AMT
159,Air New Zealand,NZ,ANZ
160,Air Niugini,PX,ANG
161,Air North,4N,ANT
162,Air Nostrum,YW,ANE
163,Air Nunavut,,BFF
164,Air Ocean Maroc,,AOM
165,Air Panama,7P,PST
166,Air Peace,P4,APK
167,Air Premia,YP,APZ
168,Air Rarotonga,GZ,RAR
169,Air Safaris,,SRI
170,Air Saint-Pierre,PJ,SPM
171,Air Samarkand,9S,UZS
172,Air Senegal,HC,SZN
173,Air Seoul,RS,ASV
174,Air Seychelles,HM,SEY
175,Air Sphinx,,ASD
176,Air Spray,,ASB
177,Air Sunshine,,RSI
178,Air Tahiti,VT,VTA
179,Air Tahiti Nui,TN,THT
180,Air Tanzania,TC,ATC
181,Air Taxi & Charter International,,IBJ
182,Air Tetiaroa,,TOA
183,Air Thanlwin,ST,RTL
184,Air Tindi,8T,TIN
185,Air Transat,TS,TSC
186,Air Transport Europe,,EAT
187,Air Transport International,8C,ATN
188,Air Travel,A6,OTC
189,Air Urga,3N,URG
190,Air Vanuatu,NF,AVN
191,Air Volta,,VLB
192,Air Wisconsin,ZW,AWI
193,Air X Charter,,AXY
194,Air Zimbabwe,UM,AZW
195,Air-Glaciers,,AGV
196,Air-Taxi Europe,,TWG
197,Air1Air,,INA
198,Air65 Aviation,,FGB
199,AirACT,9T,RUN
200,AirAsia,AK,AXM
201,AirAsia X,D7,XAX
202,AirBlue,PA,ABQ
203,AirBridgeCargo Airlines,RU,ABW
204,Airbus,,AIB
205,Airbus Beluga Transport,,BCO
206,Airbus Transport International,4Y,BGA
207,Aircalin,SB,ACI
208,Aircompany RusJet,,RSJ
209,AirConnect,KS,KON
210,Aircraft Management Group,,RVJ
211,Aireon Canada,,AEN
212,Airest,,AEG
213,AirExplore,ED,AXE
214,Airfast Indonesia,,AFE
215,AirGO Private Airline,,XGO
216,Airhub Airlines,RE,GJM
217,Airkenya Express,P2,XAK
218,Airlec Air Espace,,ARL
219,Airlift,,ALI
220,Airlift International,,AIR
221,Airlink,,JAR
222,Airlink,4Z,LNK
223,AirMaster,MR,RMX
224,Airmax,,MMX
225,AirNet,,USC
226,Airnorth,TL,ANO
227,Airpac Airlines,,APC
228,AirPink,,PNK
229,AirSERBIA,JU,ASL
230,AirSF Flight Services,,XSN
231,AirShare,,XSR
232,AirSial,PF,SIF
233,AirSmart,,XSM
234,AirSprint,,ASP
235,Airstream,,AQS
236,AirSWIFT,T6,ATX
237,AirTanker,9L,TOW
238,Airtask,,DCT
239,AirTraffic,,ATY
240,Airwaze,,WZE
241,Airwork,,AWK
242,AIS Airlines,,PNX
243,Aitheras Aviation Group,,PXG
244,AIX Connect,I5,IAD
245,AJet,VF,TKJ
246,Akasa Air,QP,AKJ
247,Al-Atheer Aviation,,ATE
248,Alante Air Charter,,SVL
249,Alaska Airlines,AS,ASA
250,Alaska Central Express,KO,AER
251,AlbaStar,,LAV
252,Albatros Airlines,G0,GAL
253,Albawings,2B,AWT
254,Albinati Aeronautics,,LUC
255,Albinati Aviation,,ULC
256,Alexandria Airlines,DQ,KHH
257,Alexjets San Marino,,AXJ
258,Alfa Airlines,5E,AAJ
259,Algonquin Airlink,,FSY
260,Alidaunia,D4,LID
261,Aliserio,,TJD
262,ALK Airlines,,VBB
263,Alkan Air,,ALN
264,Alkan Air,,AKN
265,All Nippon Airways,NH,ANA
266,Allegiant Air,G4,AAY
267,Alliance Air,9I,LLR
268,Alliance Airlines,QQ,UTY
269,Allied Air,4W,AJK
270,AlMasria Universal Airlines,UJ,LMU
271,Aloha Air Cargo,KH,AAH
272,AlpAvia,AL,APP
273,Alpha Aviation,,AAO
274,Alphaland Aviation,,BIC
275,AlphaSky,,JAG
276,Alpine Air Express,5A,AIP
277,Alpine Flightservice,,FSE
278,Alrosa,6R,DRU
279,Altagna,,AGH
280,Amakusa Airlines,MZ,AHX
281,AMC Airlines,,AMV
282,AMC Aviation,,AMQ
283,Amelia,8R,AIA
284,Amelia International,NL,AEH
285,American Air Charter,,GTW
286,American Airlines,AA,AAL
287,American Jet,,AJB
288,American Jet International,,SCM
289,Ameriflight,A8,AMF
290,Amerijet International,M6,AJT
291,Ameristar,7Z,AJI
292,AMREF Flying Doctors,,FDS
293,AMS Airlines,,GEO
294,ANA Wings,EH,AKX
295,Anap Jets,,AJP
296,Anderson Air,,ADS
297,Andes Lineas Aereas,O4,ANS
298,Angara Airlines,,AGU
299,Anguilla Air Services,Q3,AXL
300,Animawings,A2,AWG
301,Antonov Airlines,,ADB
302,APG Airlines,GP,RIV
303,Arajet,DM,DWI
304,Arc en Ciel,,JMS
305,Archer Air,,AXR
306,Arcus Air,,AZE
307,Argentina - Air Force,,FAG
308,Ariana Afghan Airlines,FG,AFG
309,Ariella,EL,RIE
310,Arik Air,W3,ARA
311,Arkhangelsk Airlines,,OAO
312,Arkia Israeli Airlines,IZ,AIZ
313,Armenia Airways,6A,AMW
314,Armenian Airlines,JI,AAG
315,Aruba Airlines,AG,ARU
316,ASAS Linhas Aereas,,CEU
317,Ascend Airways,,SYG
318,ASG Business Aviation,,ESW
319,Asia Cargo Airlines,GM,TMG
320,Asia Pacific Airlines,P9,MGE
321,Asia Sky Lines,,LIC
322,Asia Union Airlines,,AUV
323,Asian Express Airlines,RS,TXP
324,Asian Express General Aviation Wuxi,,WUA
325,Asiana Airlines,OZ,AAR
326,Asky Airlines,KP,SKK
327,ASL Airlines,,ABR
328,ASL Airlines Belgium,3V,TAY
329,ASL Airlines France,5O,FPO
330,ASL Airlines UK,,ABV
331,Asta Linhas Aereas,0A,SUL
332,Astonjet,,AJD
333,Astonjet,,ASJ
334,Astral Aviation,8V,ACP
335,ATA Airlines,I3,TBZ
336,ATI Jet,,CYO
337,Atlantic Airways,RC,FLI
338,Atlas Air,5Y,GTI
339,Atlas Air Service,,ATL
340,ATP Flight School,,CXK
341,ATR,,EVX
342,Atran,V8,VAS
343,Auckland Rescue Helicopter,,WPR
344,Auric Air,UI,AUK
345,Aurigny Air Services,GR,AUR
346,Aurora,HZ,SHU
347,Australia - Customs,,CUS
348,Australia - Federal Police,,FPL
349,Australia - Royal Australian Air Force,,ASY
350,Austria - Air Force,,ASF
351,Austrian Airlines,OS,AUA
352,Av8Jet,,AJO
353,AVA Airlines,,AXV
354,Avalair Aircraft Management,,ARR
355,Avanti Air,,ATV
356,Avcenter,,TTE
357,Avcon Jet,,AOJ
358,Avcon Jet Malta,,VCJ
359,Avcon Jet San Marino,,VAJ
360,Avelo Airlines,XP,VXP
361,Avia Traffic,YK,AVJ
362,Aviacon Zitotrans,ZR,AZS
363,Avianca,AV,AVA
364,Avianca Cargo,QT,TPA
365,Avianca Costa Rica,LR,LRC
366,Avianca Ecuador,2K,GLG
367,Avianca El Salvador,TA,TAI
368,Avianca Express,EX,AVR
369,Avianca Guatemala,GU,GUG
370,Aviastar,,VIT
371,Aviastar-TU,4B,TUP
372,Aviation Advisor,,LKF
373,Aviation Horizons,ZS,HZS
374,Aviator College,,WCP
375,Aviatsa,,VVT
376,Avincis,,INR
377,Avincis Aviation Italia,,ELH
378,Avincis Aviation Norway,,BNO
379,Avincis Aviation Portugal,,BBO
380,Avincis Aviation Sweden,,DFL
381,Avion Express,X9,NVD
382,Avion Express Malta,4X,MLH
383,Avionord,,VND
384,Avior Airlines,9V,ROI
385,Aviostart,,VSR
386,AWA,,WEY
387,Awesome Cargo,A7,WIN
388,AXIS Aviation,,BQA
389,Axis Aviation San Marino,,AXS
390,Azerbaijan Airlines,J2,AHY
391,Azimut,,MOM
392,Azimuth,A4,AZO
393,Azman Air,ZU,AZM
394,Azores Airlines,S4,RZO
395,Aztec Airways,AJ,AZY
396,Azul Conecta,2F,ACN
397,Azul Linhas Aereas,AD,AZU
398,Azur Air,ZF,AZV
399,B.J. Aviation,,JSG
400,BA CityFlyer,CJ,CFE
401,BA Euroflyer,A0,EFW
402,Babcock,,RHD
403,Babcock MCS France,,PTH
404,Backcountry Aviation,,SQH
405,Baden Aircraft Operations,,BAO
406,Badr Airlines,J4,BDR
407,BAe Systems,,BAE
408,BAe Systems Marine,,VSB
409,Bahamasair,UP,BHS
410,Bairline,,BRJ
411,Baker Aviation,,KOW
412,Bakhtar Afghan Airlines,BM,BFO
413,Bamboo Airways,QH,BAV
414,Bangkok Airways,PG,BKP
415,BankAir,,BKA
416,Bar XH Air,,BXH
417,Baron Aviation Services,,BVN
418,Bassaka Air,5B,BSX
419,Batik Air,ID,BTK
420,Batik Air Malaysia,OD,MXD
421,BBN Airlines,B5,BBT
422,BBN Airlines Indonesia,7B,BBL
423,Bearskin Airlines,JV,BLS
424,Bees Airlines,,BES
425,Beijing Airlines,,BJN
426,Bel Air Aviation,,BBX
427,Belavia,B2,BRU
428,Belgium - Air Force,,BAF
429,Belgium - Coast Guard,,BCG
430,Belgium - Gendarmerie,,GDB
431,Belgium - Navy,,NYB
432,Bemidji Airlines,CH,BMJ
433,Beond,B4,BYD
434,Bering Air,8E,BRG
435,Berjaya Air,J8,BVT
436,BermudAir,2T,BMA
437,Berniq Airways,NB,BNL
438,Berry Aviation,,BYA
439,Bestfly Aruba,,BFY
440,Bestfly Cabo Verde,3B,BCV
441,BH Air,8H,BGH
442,Bhutan Airlines,B3,BTN
443,Big Bend Community College,,BGB
444,Bighorn Airways,,BHR
445,Biman Bangladesh Airlines,BG,BBC
446,BinAir,,BID
447,Binani Air,,BGL
448,Binter Canarias,NT,IBB
449,Bioflight,,BIO
450,Blessings Aviation,,TJJ
451,Blue Air,0B,BLA
452,Blue Bird Aviation,,BLB
453,Blue Dart Aviation,BZ,BDA
454,Blue Islands,SI,BCI
455,Blue Square Aviation,,BSG
456,Bluebird Airways,BZ,BBG
457,Bluebird Aviation,,BBZ
458,Bluebird Nordic,BO,BBD
459,Bluesky Airways,,BSF
460,BlueSky Aviation,,SBK
461,Boeing,,BOE
462,Boliviana de Aviacion,OB,BOV
463,Bombardier,,BBA
464,Bonza,AB,BNZ
465,Bookajet,,BOO
466,Boutique Air,4B,BTQ
467,BRA,TF,BRX
468,Braathens International Airways,TT,BIX
469,Braspress Air Cargo,,BPC
470,Bravo Airways,,BAY
471,Brazil - Air Force,,BRS
472,Brazil - Army,,EXB
473,Brazil - Navy,,MBR
474,Breeze Airways,MX,MXY
475,Bridger Aerospace,,BGR
476,Bridges Air Cargo,5B,BRD
477,Brilliant Jet,,TXJ
478,Bristow Helicopters,,BHL
479,Bristow Nigeria,,BHN
480,Bristow Norway,,NOR
481,Bristow US,,BTZ
482,British Airways,BA,BAW
483,British Airways Shuttle,,SHT
484,British International Helicopters,,BRT
485,Bromma Air Maintenance,,CFL
486,Brussels Airlines,SN,BEL
487,Budapest Aircraft Service,RP,BPS
488,Buddha Air,U4,BHA
489,Budget Lines,BD,BGN
490,Buffalo Airways,J0,BFL
491,Bul Air,LB,BVL
492,Bulgaria - Air Force,,AFB
493,Bulgaria - Government,,BGF
494,Bulgaria Air,FB,LZB
495,Buraq Air,UZ,BRQ
496,Burkina Faso - Government,,BFA
497,Business Aviation Asia,UN,UNA
498,Business Wings,,JMP
499,Buzz,RR,RYS
500,BySky,,BYS
501,C&M Airways,,RWG
502,CAA,BU,DBP
503,Cabo Verde Airlines,VR,TCV
504,Caicos Express Airways,9Q,CXE
505,Calm Air,MO,CAV
506,Calstar,,CMD
507,Camair-Co,QC,CRC
508,Cambodia Airways,KR,KME
509,Cambodia Angkor Air,K6,KHV
510,Cambodia Bayon Airlines,BD,BYC
511,CAMEX Adria Airlines,,CMM
512,Camex Airlines,Z7,CMS
513,Canada - Coast Guard,,CTG
514,Canada - Department of Transport,,TGO
515,Canada - Ontario Ministry of Natural Resources,,ONT
516,Canada - Royal Canadian Air Force,,CFC
517,Canada - Royal Canadian Mounted Police,,SST
518,Canada - Saskatchewan Air Ambulance Service,,SLG
519,Canadian Airways Congo,,TWC
520,Canadian North,5T,AKT
521,Canair,,RSC
522,CanaryFly,PM,CNF
523,Canavia,,CNA
524,Canjet Airlines,C6,CJA
525,Canlink Aviation,,MFC
526,CanWest Air,,CWA
527,Cape Air,9K,KAP
528,Capital Air Ambulance,,EGL
529,Capital Airlines,JD,CBJ
530,Capital City Air Carriers,,CCQ
531,Cardiff Aviation Malta,,SGO
532,Cardig Air,7D,CAD
533,CareFlight,,CFH
534,Cargo Air,,CGF
535,Cargo Three,C3,CTW
536,Cargojet Airways,W8,CJT
537,Cargolux,CV,CLX
538,Cargolux Italia,C8,ICV
539,Caribbean Airlines,BW,BWA
540,Carlisle Air Group,,CCK
541,Carpatair,V3,KRP
542,Carson Air,,CRN
543,Caspian Airlines,RV,CPN
544,Castle Aviation,,CSJ
545,Cat Aviation,,CAZ
546,Cathay Pacific,CX,CPA
547,Catreus,,VCG
548,Cavok Air,,CVK
549,Cayman Airways,KX,CAY
550,CB SkyShare,,CBC
551,Cebgo,DG,SRQ
552,Cebu Pacific,5J,CEB
553,Ceiba Intercontinental,,CEL
554,CemAir,5Z,KEM
555,Centene Management Company,,TMP
556,Central Air Southwest,,CTL
557,Central Airlines,I9,HLF
558,Central Mountain Air,9M,GLR
559,Centreline,,CLF
560,Cerium Air,,CAQ
561,Chabahar Airlines,,IRU
562,Chair Airlines,GM,GSW
563,Chalair Aviation,CE,CLG
564,Challenge Air Cargo,X6,CHZ
565,Challenge Airlines BE,X7,CHG
566,Challenge Airlines IL,5C,ICL
567,Cham Wings Airlines,,SAW
568,Charter Jets,,LTC
569,Chartright Air,,HRT
570,CHC Helicopter,,HMB
571,CHC Helicopters Netherlands,,HNL
572,CHC Helicopters Nigeria,,ATQ
573,CHC Helikopter Service,,HKS
574,CHC International,,GCY
575,Chengdu Airlines,EU,UEA
576,Chervon,,GLH
577,Chicago Jet Group,,WDY
578,China - Air Force,,CKJ
579,China - Civil Aviation Administration,,CFI
580,China Airlines,CI,CAL
581,China Cargo Airlines,CK,CKK
582,China Eastern Airlines,MU,CES
583,China Express Airlines,G5,HXA
584,China Postal Airlines,CF,CYZ
585,China Southern Airlines,CZ,CSN
586,China Southern Cargo,,CSG
587,China United Airlines,KN,CUA
588,Chodang University,,CDQ
589,Chongqing Airlines,OQ,CQN
590,Chrono Aviation,MB,NDL
591,Chrono Jet,MB,MBK
592,Cinnamon Air,C7,CIN
593,Circadian Aviation,,CYC
594,CITIC Offshore Helicopter,,CHC
595,Citilink,QG,CTV
596,City Airlines,VL,LHX
597,Cityjet,WX,BCY
598,Civil Air Patrol,,CAP
599,Class Aviation,,DUC
600,Clic,VE,EFY
601,Clipper Jet,,ORO
602,CM Airlines,H5,OMT
603,CMA CGM AirCargo,2C,CMA
604,Coastal Aviation,CQ,CSV
605,Cobalt Air,CO,FCB
606,Cobham Aviation Services Australia,,NJS
607,Colombia - Air Force,,FAC
608,Colorful Guizhou Airlines,GY,CGZ
609,Comlux,,CLA
610,Comlux Aruba,CS,CXB
611,Comlux Kazakhstan,,KAZ
612,Comlux Malta,,MLM
613,CommuteAir,C5,UCA
614,Compagnia Aeronautica Italiana,,CPI
615,Compass Cargo Airlines,HQ,ADZ
616,Conair,,FGD
617,Condor,DE,CFG
618,Congo Airways,8Z,CGA
619,Connect Linhas Aereas,6C,CNT
620,Conquest Air,C4,QAI
621,Constanta Airline,,UZA
622,Contour Aviation,LF,VTE
623,Conviasa,V0,VCV
624,Copa Airlines,CM,CMP
625,Copenhagen Airtaxi,,CAT
626,Corendon Airlines,XC,CAI
627,Corendon Airlines Europe,XR,CXI
628,Corendon Dutch Airlines,CD,CND
629,Corporate Air,,CPT
630,Corporate Air,,MLN
631,Corsair,SS,CRL
632,Costa Rica - Ministry of Public Security,,MSP
633,Costa Rica Green Airways,GW,CRG
634,Coulson Aviation,,CUL
635,Cristalux,Z7,AUZ
636,Croatia - Air Force,,HRZ
637,Croatia Airlines,OU,CTN
638,Cronos Airlines,C8,CRA
639,Cronos Airlines Benin,C9,CKL
640,Crown Airlines,FQ,CWN
641,Crystal Air,,CYT
642,CSA Air,,IRO
643,CSI Aviation,,CSI
644,Cubana,CU,CUB
645,Cygnus Air,,RGN
646,Cyprus Airways,CY,CYP
647,Czech Airlines,OK,CSA
648,Czechia - Air Force,,CEF
649,Czechia - Government,,CIE
650,Daallo Airlines,D3,DAO
651,Dalian Airlines,,CCD
652,Dan Air,DN,JOC
653,Dana Air,9J,DAN
654,DAS Private Jets,,DWW
655,Dassault Falcon Service,,DSO
656,DAT,DX,DTR
657,DAT LT,R6,DNU
658,DB Aviation,,DBT
659,DC Aviation,,DCW
660,DC Aviation,,DCS
661,DC Aviation San Marino,,DCU
662,DEA Aviation,,WKT
663,Deer Jet,,DER
664,Deer Jet Beijing,,BDJ
665,Delta Air Lines,DL,DAL
666,Delta State University,,DSU
667,Denmark - Army,,DAR
668,Denmark - Navy,,DNY
669,Denmark -Air Force,,DAF
670,Desert Jet,,DJR
671,Desert Wings Aviation,,DWA
672,DesertAir Alaska,,DAZ
673,Deucalion Aviation,,DLN
674,Dexter Air Taxi,,DXT
675,DHL,D0,DHK
676,DHL Aero Expreso,D5,DAE
677,DHL Air Austria,Q7,DHA
678,DHL Aviation EEMEA,ES,DHX
679,Diamond Sky,,DMS
680,Discover Airlines,4Y,OCN
681,Divi Divi Air,3R,DVR
682,Donghai Airlines,DZ,EPA
683,Dornier Aviation Nigeria Aiep,DO,DAV
684,Douniah Airlines,DH,DTS
685,DragonFly Executive,,CBM
686,Dreamline Aviation,,DLX
687,DRF Luftrettung,1I,AMB
688,Dronamics Europe Airlines,OY,DXE
689,Druk Air,KB,DRK
690,Dubai Air Wing,,DUB
691,Duke Energy Business Services,,GGW
692,E+S Air,,CAH
693,E-Aviation,,EFD
694,E-Cargo Airlines,RF,ERF
695,EADS CASA,,AED
696,Eagle Air,,EGE
697,Eagle Air,,EGU
698,Eagle Air Iceland,,FEI
699,Eagle Atlantic Airlines,,EAB
700,Eagle Creek Aviation,,EGC
701,EagleMed,,EMD
702,East Coast Jets,,ECJ
703,East Wing,,EWZ
704,East-West Express,,EWU
705,Eastar Jet,ZE,ESR
706,Eastern Airlines,,EAL
707,Eastern Airways,T3,EZE
708,Eastern Australia Airlines,,EAQ
709,Easy Charter,RD,LOL
710,easyJet,U2,EZY
711,easyJet Europe,EC,EJU
712,easyJet Switzerland,DS,EZS
713,EATIS,,SRK
714,Eclair Aviation,,ECC
715,ECO Airlines,,EKO
716,EcoJet,8J,ECO
717,Ecuador - Air Force,,FAE
718,Edelweiss Air,WK,EDW
719,EGT Jet,,EGT
720,Egypt - Air Force,,EGY
721,Egyptair,MS,MSR
722,Egyptair Cargo,,MSX
723,EJM Europe,,JME
724,El Al,LY,ELY
725,Elangeni,,ELG
726,Electra Airways,,EAF
727,Elemental Aviation,,MWH
728,Elifriulia,,EFG
729,Elilombarda,,EOA
730,Eliossola,,EOS
731,Elitaliana,,ELA
732,Elitavia,,EAV
733,Elitavia Malta,MA,EAU
734,Elite Air,,ELZ
735,Elite Airways,7Q,MNU
736,Elitellina,,FGS
737,Elthuraya Aviation,,FIB
738,Embraer,,EMB
739,Embry-Riddle Aeronautical University,,ERU
740,Emerald Airlines,EA,EAI
741,Emerald Airlines UK,,EAG
742,Emetebe,,EMT
743,Emirates,EK,UAE
744,Emirates Flight Training Academy,,EFC
745,Emperor Aviation,,EMM
746,Empire Airlines,EM,CFS
747,Empire Aviation,,MJE
748,Empresa Publica de Transporte Aereo Militar,,EPT
749,Empyreal Jet,,RLJ
750,ENAC Ecole Aviation Civile,,NAK
751,Encore Air Cargo,,DKT
752,Endeavor Air,9E,EDV
753,Enter Air,E4,ENT
754,Envoy,MQ,ENY
755,Epic Flight Academy,,EPI
756,Epsilon Aviation,,GRV
757,Era Helicopters,,ERH
758,Estafeta,E7,ESF
759,Estelar,ES,ETR
760,Estonia - Air Force,,EEF
761,Eswatini Air,RN,SZL
762,ETF Airways,LI,EZZ
763,Ethiopian Airlines,ET,ETH
764,Etihad Airways,EY,ETD
765,Euro Link,,EUL
766,Euro-Asia Air,5B,EAK
767,EuroAtlantic Airways,YU,MMZ
768,Eurocopter Deutschland,,RDF
769,European Air Charter,H6,BUC
770,European Air Transport,QY,BCS
771,European Cargo,SE,URO
772,European Flight Academy,,PTO
773,European Flight Service,,EUW
774,European Flyers,,FYS
775,European SAO,,EKT
776,Eurowings,EW,EWG
777,Eurowings Europe,E6,EWL
778,EVA Air,BR,EVA
779,Everts Air Alaska,5V,VTS
780,EWA Air,ZD,EWR
781,Excellent Air,,ECA
782,Exclusive Aviation,,REE
783,Execuflight,,EFT
784,Execujet Middle East,,EJO
785,Execujet Scandinavia,,VMP
786,Executive Airlink,,ENK
787,Executive Jet Charter,,EXJ
788,Executive Jet Management,,EJM
789,Exploits Valley Air Services,8K,EVS
790,Express Air Cargo,7A,XRC
791,Express Freighters Australia,QE,EFA
792,ExpressJet Airlines,XE,BTA
793,Exxaero,,XRO
794,Eznis Airways,MG,EZA
795,Ezy Airlines,,EZT
796,FAI rent-a-jet,,IFA
797,Falcon Aviation Services,,FVS
798,Fanjet Express,,FJE
799,Farmingdale State University,,FDL
800,Fast Air,,PBR
801,Fastjet,FN,FJW
802,FedEx,FX,FDX
803,Fenix Air Charter,,FNX
804,Feuerwehr-Flugdienst Niedersachsen,,FFD
805,Fiji Airways,FJ,FJI
806,Fiji Link,,FJA
807,Finistair,,FTR
808,Finland - Air Force,,FNF
809,Finland - Border Guard,,FNG
810,Finnair,AY,FIN
811,FinnHEMS,,FIH
812,Firefly,FY,FFM
813,First Air,7F,FAB
814,First Nation Airways,,FRN
815,FitsAir,8D,EXV
816,Flair Airlines,F8,FLE
817,Fleet Air International,,FRF
818,Flexflight,W2,FXT
819,Flexjet,,LXJ
820,Flexjet Europe,,FLJ
821,Flexjet Operations Malta,,FJO
822,Flight Calibration Services,,FCK
823,Flight Calibration Services,,VOR
824,Flight Choice,,FCE
825,Flight options,,OPT
826,Flight Training Europe,,AYR
827,FlightExec,,FEX
828,Flightline,,FTL
829,Flightlink,YS,FLZ
830,Flightpath Charter Airways,,KNT
831,Flightworks,,FWK
832,Florida Air Cargo,,FAS
833,Florida Flyers Flight Academy,,FFY
834,Fltplan,,DCM
835,Flugfelag Islands,NY,FXI
836,Fly 7,,FSF
837,Fly Across,,ACW
838,Fly Air41,,BER
839,Fly AllWays,8W,EDR
840,Fly ALS,,ALW
841,Fly Angola,EQ,FLA
842,Fly Armenia Airways,VF,FBB
843,Fly Art,,FLB
844,Fly Baghdad,IF,FBA
845,Fly Jet KZ,,FJK
846,Fly Oya,YI,OYA
847,Fly Pro,FP,PVV
848,Fly Sky Airlines,,FSQ
849,Fly Sky Airlines,,FSU
850,Fly Tyrol,,FTY
851,Fly Yemen Airlines,,FYO
852,Fly-Coop Air Service,,FCA
853,Fly2Sky,F6,VAW
854,Fly4 Airlines,,FFA
855,Fly540,5H,FFV
856,Fly91,IC,GOA
857,Flyadeal,F3,FAD
858,FlyBig,S9,FLG
859,Flybondi,FO,FBZ
860,FlyDubai,FZ,FDB
861,FlyEgypt,FT,FEG
862,flyExclusive,,JRE
863,FlyGTA Airlines,SX,TOR
864,Flying Business Aviation,,FBX
865,Flying Service,,FYG
866,Flyinggroup,,FYL
867,FlyJinnah,9P,FJL
868,Flylili,FL,LIL
869,FlyMe,VP,VQI
870,FlyMontserrat,5M,MNT
871,FlyNamibia,WV,FLN
872,Flynas,XY,KNE
873,FlyOne,5F,FIA
874,FlyOne Armenia,3F,FIE
875,FlyOne Romania,OE,FOE
876,FlyPelican,FP,FRE
877,FlySafair,FA,SFR
878,FlySchool,,FSM
879,FlyWales,,PYN
880,Fort Aero,,FRX
881,Four Corners Aviation,,ULA
882,FR Aviation,,FRA
883,France - Air Force,,FAF
884,France - Air Forces Command,,CTM
885,France - Army,,FMY
886,France - Customs,,FDO
887,France - Navy,,FNY
888,France - Securite Civile,,FRU
889,Franconia Air Service,,FRC
890,Freebird Airlines,FH,FHY
891,Freebird Airlines Europe,MI,FHM
892,Freedom Airline Express,4F,FDT
893,Freedom Airline Express,4K,SMK
894,Freight Runners Express,,FRG
895,French Bee,BF,FBU
896,Frontier,F9,FFT
897,FROST Air,,FRO
898,FTL Airlines,C0,FGO
899,Fuji Dream Airlines,JH,FDA
900,Fuzhou Airlines,FU,FZA
901,FX TerraDynamics,,FTX
902,GainJet,,GNJ
903,Galistair Infinite Aviation,8S,GTR
904,Gama Aviation,,GMA
905,Gama Aviation Cayman,,GKY
906,Gama Aviation UAE,,GSH
907,Garuda Indonesia,GA,GIA
908,Gazpromavia,4G,GZP
909,Gelix Airlines,,GAI
910,Gelix Airlines,,GLX
911,General Atomic AeroTech Systems,,DOR
912,Genex,,GNX
913,Genghis Khan Airlines,9D,NMG
914,Georgian Airlines,GH,IGT
915,Georgian Airways,A9,TGZ
916,Georgian Aviation University,,AUG
917,Geosky,D4,GEL
918,German Airways,ZQ,GER
919,Germanwings,4U,GWI
920,Germany - Air Ambulance,,CHX
921,Germany - Air Force,,GAF
922,Germany - Army,,GAM
923,Germany - DLR Flugbetriebe,,LFO
924,Germany - Navy,,GNY
925,Gesellschaft Fur Flugzieldarstellung,,GFD
926,Gestair,,GES
927,Gestair Aviation Malta,,GSM
928,Getjet Airlines,GW,GJT
929,Getjet Airlines Latvia,,DML
930,Ghadames Air Transport,NJ,GMS
931,Ghana - Air Force,,GHF
932,Global Air Charters,,GJE
933,Global Air Transport,5S,GAK
934,Global Airways,,GBL
935,Global Aviation,,MSS
936,Global Aviation Burkina Faso,,GBF
937,Global Jet Austria,,GLJ
938,Global Jet Luxembourg,,SVW
939,Global Reach Aviation,,GAV
940,Global Supply Systems,,GSS
941,Global Wings,,GWW
942,Global X,G6,GXA
943,GlobeAir,,GAC
944,Go First,G8,GOW
945,Go Jet Aviation,,GYS
946,Go2Sky,6G,RLX
947,GoJet ,G7,GJS
948,GOL Linhas Aereas,G3,GLO
949,Goldeck Flug,,GDK
950,Gouvernement du Quebec,,QUE
951,GP Aviation,IV,GPX
952,Grafair,,GFM
953,Grand Canyon Airlines,YR,CVU
954,Grand China Air,CN,GDC
955,Grant Aviation,GV,GUN
956,Greater Bay Airlines,HB,HGB
957,Greece - Air Force,,HAF
958,Greece - Army,,HLA
959,Greece - Navy,,HNA
960,Green Africa Airways,Q9,GWG
961,Greybird Aviation,,GAG
962,Gryphon Air,,GRG
963,GTA Air,,GTX
964,Gulf Air,GF,GFA
965,Gulf and Caribbean Cargo,IF,TSU
966,Gulf Wings,,GWC
967,GullivAir,G2,GBG
968,Gum Air,,GUM
969,Guna Airlines,,GUA
970,GX Airlines,GX,CBG
971,Hahn Air,HR,HHN
972,Hai Au Aviation,,HAI
973,Hainan Airlines,HU,CHH
974,Hala Air,HG,HTP
975,Halla Airlines,,HGA
976,Hangar 8,,HGR
977,Hanseo University,,HSF
978,Harmony Jets,,HMJ
979,Haute Aviation,,BOM
980,Haute Aviation,,HUE
981,Hawaiian Airlines,HA,HAL
982,Hebei Airlines,NS,HBH
983,Heli Air Monaco,YO,MCM
984,Heli Air Services,,HLR
985,Heli Holland,,HHE
986,Heli Securite,,HLI
987,Heli Service International,,HSO
988,Héli-Union,,HLU
989,Helicol,,HEL
990,Helijet International,,JBA
991,Helistar,,HTS
992,Helistar,,HSR
993,Helitrans,,HDR
994,HELITY Copter Airlines,,HTY
995,Hello Jets,H3,HLJ
996,Helvetic Airways,2L,OAW
997,Hera Flight,,HER
998,Hermes Airlines,H3,HRM
999,Heron Aviation,,HRN
1000,Heston Airlines,HN,HST
1001,Hi Fly,5K,HFY
1002,Hi Fly Malta,3L,HFM
1003,Hibernian Airlines,HG,HBN
1004,Himalaya Airlines,H9,HIM
1005,Hinterland Aviation,OI,HND
1006,HiSky,H7,HYM
1007,HiSky Europe,H4,HYS
1008,HK express,UO,HKE
1009,HNV Cote d'Ivoire,,HNZ
1010,Hokkaido Air System,,NTH
1011,Holiday Europe,5Q,HES
1012,Hong Kong - Government Flying Service,,GFS
1013,Hong Kong Air Cargo,RH,HKC
1014,Hong Kong Airlines,HX,CRK
1015,Hop-A-Jet,,HPJ
1016,Horizon Air,QX,QXE
1017,HTM Helicopter Travel Munich,,HTM
1018,Hummingbird Aviation,,ETI
1019,Humo Air,HJ,USW
1020,Hungary - Air Force,,HUF
1021,Hunnu Air,MR,MML
1022,Hydro Quebec,0Q,HYD
1023,Hyperion Aviation,,HYP
1024,I-Fly,F7,RSY
1025,I-Fly Air,,IFY
1026,iAero Airways,WQ,SWQ
1027,IAS Medical,,MDI
1028,IASCO Flight Training,,MMY
1029,IBC Airways,II,CSQ
1030,Iberia,IB,IBE
1031,Iberia Express,I2,IBS
1032,Iberojet,E9,EVE
1033,Ibex Airlines,FW,IBX
1034,Ibom Air,QI,IAN
1035,Icar Air,,RAC
1036,Iceland - Coast Guard,,ICG
1037,Icelandair,FI,ICE
1038,ICS-Aero,,ICF
1039,IFL Group,,IFL
1040,Ikar,EO,KAR
1041,Image Air Charter,,BMG
1042,ImperialJet,,JTI
1043,India - Air Force,,IFC
1044,Indiana State University,,ISU
1045,IndiaOne Air,I7,IOA
1046,IndiGo,6E,IGO
1047,Indonesia AirAsia,QZ,AWQ
1048,Initium Aviation,,INI
1049,Inner Mongolia Express,,IME
1050,iNTAIRLINE,,ITI
1051,Intel Air Shuttle,,HGT
1052,InterCaribbean Airways,JY,IWY
1053,InterJet West,K8,IJW
1054,International Committee of the Red Cross,,RED
1055,International Jet Management,,IJM
1056,InterSky,3L,ISK
1057,IrAero,IO,IAE
1058,Iran Air,IR,IRA
1059,Iran Airtour,B9,IRB
1060,Iran Aseman Airlines,EP,IRC
1061,Iraq Gate Company,,IGC
1062,Iraqi Airways,IA,IAW
1063,IRS Airlines,,LVB
1064,Island Wings,,IWL
1065,Israir Airlines,6H,ISR
1066,ITA Airways,AZ,ITY
1067,Italfly,,ITL
1068,Italy - Air Force,,IAM
1069,Italy - Army,,IEI
1070,Italy - Coast Guard,,GCI
1071,Italy - Navy,,MMI
1072,iXAir,,IXR
1073,Izhavia,I8,IZA
1074,JA Air Charter,,LTD
1075,Jackson Demolition Service,,JDS
1076,Jambojet,JM,JMA
1077,Japan Air Commuter,JC,JAC
1078,Japan Airlines,JL,JAL
1079,Japan Transocean Air,NU,JTA
1080,Jayawijaya Dirgantara,,JWD
1081,Jazeera Airways,J9,JZR
1082,Jazz Aviation,QK,JZA
1083,JC Bamford Excavators,,JCB
1084,Jeju Air,7C,JJA
1085,Jet Airways,9W,JAI
1086,Jet Asia Airways,JF,JAA
1087,Jet Aviation Business Jets,PP,PJS
1088,Jet Aviation Business Jets Deutschland,,JBD
1089,Jet Aviation Flight Services,,JAS
1090,Jet Charter,N2,JCT
1091,Jet Concierge Club,,JCO
1092,Jet Edge,,EDG
1093,Jet Executive,,JEI
1094,Jet Fly Airline,,JFL
1095,Jet It,,JIT
1096,Jet Linx Aviation,JL,JTL
1097,Jet Logistics,,JLG
1098,Jet Net Services,,JNS
1099,Jet OUT,,CRE
1100,Jet Sky Airways,,JTK
1101,Jet Story,,JDI
1102,Jet Test International,,JTN
1103,Jet View,,JVW
1104,Jet2,LS,EXS
1105,Jetair Caribbean,4J,JRC
1106,Jetbee Czech,,JBC
1107,JetBlue Airways,B6,JBU
1108,Jetcall,,JCL
1109,Jetclub,0J,JCS
1110,Jetconnect,,QNZ
1111,JetFlite,,JEF
1112,Jetfly Aviation,,JFA
1113,JetHouse,,JTH
1114,Jetkontor,,JKH
1115,Jetlines,AU,CJL
1116,JetLite,S2,JLL
1117,JetNetherlands,,JNL
1118,JetNEXA,,JNX
1119,Jetology,,JTY
1120,JetRight,,JRT
1121,JetSMART,JA,JAT
1122,JetSMART Argentina,WJ,JES
1123,JetSMART Peru,JZ,JAP
1124,Jetspremier,,JPM
1125,Jetstar,JQ,JST
1126,Jetstar Asia,3K,JSA
1127,Jetstar Japan,GK,JJP
1128,JetStream,,JSH
1129,JetStream Charter,,VTB
1130,Jetsuite Air,,RSP
1131,Jettime,JP,JTD
1132,Jetways Airlines,WU,JWX
1133,Jhonlin Air Transport,,JLB
1134,Jiangsu Jingdong Cargo Airlines,JG,JDL
1135,Jiangxi Air,RY,CJX
1136,Jiangxi Express Commuter Aviation,,KXA
1137,Jin Air,LJ,JNA
1138,Jinxiang Airlines,,JXX
1139,Jivair,,JIV
1140,JoinJet,,JNJ
1141,Jonair,,JON
1142,Jonika,,JNK
1143,Jordan - Air Force,,RJZ
1144,Jordan Aviation,R5,JAV
1145,Jordan International Air Cargo,,JCI
1146,JoyAir,JR,JOY
1147,JS Aviation,,JSM
1148,JSX,XE,JSX
1149,Jubba Airways,3J,JBW
1150,Jump Air,,JUP
1151,Juneyao Air,HO,DKH
1152,Jung Sky,,JSY
1153,K-Mile Air,8K,KMI
1154,K5-Aviation Germany,,KAY
1155,KaiserAir,,KAI
1156,Kalitta Air,K4,CKS
1157,Kalitta Charters,K9,KFS
1158,Kalitta Charters II,K5,KII
1159,Kam Air,RQ,KMF
1160,Kamaka Air,,KMK
1161,Kan Air,K8,KND
1162,Kartika Airlines,3Y,KAE
1163,Karun Airlines,,KRU
1164,KD Air,,KDC
1165,Keewatin Air,FK,KEW
1166,Kelowna Flightcraft Air,FK,KFA
1167,Kenai Aviation,,KNW
1168,Kenmore Air,M5,KEN
1169,Kenn Borek Air,4K,KBA
1170,Kent State University,,KSF
1171,Kenya Airways,KQ,KQA
1172,Key Air,,KEY
1173,Key Lime Air,KG,LYM
1174,Keystone Air Service,,KEE
1175,KhabAvia,,KHF
1176,Kingfisher Air,,BEZ
1177,Kish Air,,KIS
1178,KlasJet,,KLJ
1179,KLM,KL,KLM
1180,KLM Cityhopper,WA,KLC
1181,KM Malta Airlines,,KMM
1182,KN Helicopters,,SHW
1183,Komiaviatrans,KO,KMA
1184,Korea Aerospace University,,HGD
1185,Korea Aviation College,,KAG
1186,Korea National University of Transportation,,KTU
1187,Korean Air,KE,KAL
1188,Kosmos Airlines,,KSM
1189,Krasavia,KV,SSJ
1190,Kudlik Aviation,,KUK
1191,Kunming Airlines,KY,KNA
1192,Kuwait Airways,KU,KAC
1193,Kyungwoon University,,WCD
1194,L.J. Aviation,,LJY
1195,L3Harris Airline Academy,,LFA
1196,La Compagnie,B0,DJT
1197,La Costena,LC,NIS
1198,Labcorp,,SKQ
1199,LADE,5U,LDE
1200,LAM,TM,LAM
1201,Lanmei Airlines,LQ,MKR
1202,Lao Airlines,QV,LAO
1203,Lao Skyway,LK,LLL
1204,LAS Cargo,4L,LAU
1205,Laser Airlines,QL,LER
1206,LATAM Airlines,LA,LAN
1207,LATAM Brasil,JJ,TAM
1208,LATAM Cargo,UC,LCO
1209,LATAM Cargo Brasil,M3,LTG
1210,LATAM Cargo Colombia,L7,LAE
1211,LATAM Chile,LU,LXP
1212,LATAM Colombia,4C,ARE
1213,LATAM Ecuador,XL,LNE
1214,LATAM Paraguay,PZ,LAP
1215,LATAM Peru,LP,LPE
1216,Latvia - Air Force,,LAF
1217,Lauda Europe,LW,LDA
1218,Leader,,LSA
1219,LEAV Aviation,KK,NGN
1220,Legacy Airways,,LGF
1221,Legend Airlines,LZ,LAL
1222,Legends Airways,,DVY
1223,LIAT,LI,LIA
1224,Libya - Air Force,,LBF
1225,Libyan Airlines,LN,LAA
1226,Libyan Express,,LXX
1227,Libyan Wings,YL,LWA
1228,Liebherr Aerospace,,LHB
1229,Life Line Aviation,,LLK
1230,Lift,GE,GBB
1231,Limitless Airways,,LIM
1232,Lion Air,JT,LNI
1233,Lion Helicopters,,LHE
1234,Lipican Aer,8I,LIP
1235,Lithuania - Air Force,,LYF
1236,Liz Aviation,L0,LAZ
1237,LLC H3Operations,,UHO
1238,Loganair,LM,LOG
1239,Lone Star Aviators,,BST
1240,LongJiang Airlines,LT,SNG
1241,Longtail Aviation,6T,LGT
1242,Loong Air,GJ,CDC
1243,LOT,LO,LOT
1244,Lucky Air,8L,LKE
1245,Lufthansa,LH,DLH
1246,Lufthansa Cargo,,GEC
1247,Lufthansa CityLine,CL,CLH
1248,Lufttransport,,LTR
1249,Lumiwings,L9,LWI
1250,Lunds Universitet,,UNY
1251,Luxair,LG,LGL
1252,Luxaviation,,LXA
1253,Luxaviation Belgium,,AAB
1254,Luxaviation E.A,,LMJ
1255,Luxaviation Germany,,LXG
1256,Luxaviation UK,,LNX
1257,Luxembourg Air Ambulance,,LRQ
1258,Luxwing,BN,LWG
1259,Lydd Air,,LYD
1260,Lynden Air Cargo,L2,LYC
1261,MAE Aircraft Management,MA,MEN
1262,Maersk Air Cargo,DJ,SRR
1263,Magnicharters,UJ,GMT
1264,Mahan Air,W5,IRM
1265,Makers Air,,WMA
1266,Malawi Airlines,3W,MWI
1267,Malaysia - Air Force,,RMF
1268,Malaysia Airlines,MH,MAS
1269,Maldivian,Q2,DQA
1270,Maleth-Aero,DB,MLT
1271,Mali Air,,MAE
1272,Malta Air,,MAY
1273,Malta MedAir,MT,MMO
1274,Manasik Aviation,XN,MNM
1275,Mandarin Airlines,AE,MDA
1276,Mann Yadanarpon Airlines,7Y,MYP
1277,Manta Air,NR,MAV
1278,Map Linhas Aereas,7M,PAM
1279,Marabu,DI,MBU
1280,Marathon Airlines,O8,MTO
1281,Martinair Holland,MP,MPH
1282,Martinaire,,MRA
1283,mas,M7,MAA
1284,Massey University School of Aviation,,MSY
1285,MASwings,MY,MWG
1286,Mater Logistics,,TKH
1287,Mauritania Airlines International,L6,MAI
1288,Mavi Gok Airlines,4M,MGH
1289,Max Air,VM,NGL
1290,Max Aviation,,MAX
1291,Maxair,,NTW
1292,Maximus Airlines,6M,MXM
1293,Maya Island Air,2M,MYD
1294,MAYAir,7M,MYI
1295,McCall Aviation,,MKL
1296,McNeely Charter Services,,MDS
1297,MEA,ME,MEA
1298,Med-Trans,,MEK
1299,Medavia,,MDM
1300,Medsky Airways,BM,MNS
1301,Mel Air,5M,MDO
1302,Meraj Airlines,,MRJ
1303,Mercury Air Cargo,4X,MEC
1304,Meridian,,MEM
1305,Meridian Air Company,,MMM
1306,Mesa Airlines,YV,ASH
1307,Mexicana,,MXA
1308,Mexicana,,MEX
1309,Mexico - Air Force,,FAM
1310,Mexico - Government,,MXG
1311,Mexico - Navy,,ANX
1312,MHS Aviation,M2,MHV
1313,Miami Air Lease,,MGD
1314,MIAT Mongolian Airlines,OM,MGL
1315,Mid Africa Aviation,,MFG
1316,Midamerica Jet,,MJR
1317,Middle Georgia State University,,NIT
1318,Middle Tennessee State University,,MTU
1319,Midwest Aviation,,DZR
1320,Midwest Aviation Division,,MWT
1321,Millesime Aviation,,MIM
1322,Mingalar,K7,KBZ
1323,MJet,,MJF
1324,MNG Airlines,MB,MNB
1325,Moalem Aviation,,AMA
1326,Moçambique Expresso,,MXE
1327,Modern Logistics,WD,MWM
1328,Monacair,QM,MCR
1329,Mongolian Airways,XF,MGW
1330,Morningstar Air Express,,MAL
1331,Motor Sich Airlines,M9,MSI
1332,Mount Cook Airline,NM,NZM
1333,Mountain Air Cargo,,MTN
1334,Mountain Aviation,,FTH
1335,Mountain Flyers,,MFB
1336,Move,,MVE
1337,Multiflight,,MFT
1338,My Freighter,C6,MFX
1339,My Indo Airlines,2Y,MYU
1340,My Jet,,MYJ
1341,My Jet Saver,,MJS
1342,MY Jet Xpress Airlines,N7,NEP
1343,Myanmar Airways International,8M,MMA
1344,Myanmar National Airlines,UB,UBA
1345,MyWay Airlines,MJ,MYW
1346,Naljets,,APX
1347,Nam Air,IN,LKN
1348,Namibia - Defence Force,,NDF
1349,Nantucket Airlines,,ACK
1350,National Air Charters,JY,JYA
1351,National Airlines,N8,NCR
1352,National Airways,9Y,NAE
1353,National Airways Corporation,,NTN
1354,National Jet Express,NC,JTE
1355,National Jet Systems,,QJE
1356,NATO,,OAN
1357,Nauru Airlines,ON,RON
1358,Naysa,ZN,NAY
1359,Neojets,,NJZ
1360,Neos,NO,NOS
1361,Nepal Airlines,RA,RNA
1362,Nesma Airlines,NE,NMA
1363,Netherlands - Coast Guard,,NCG
1364,Netherlands - Navy,,NRN
1365,Netherlands - Royal Air Force,,NAF
1366,NetJets,,EJA
1367,NetJets Europe,,NJE
1368,Netjets UK,,NJU
1369,Network Aviation,,NWK
1370,New England Airlines,EJ,NEA
1371,New England Patriots,,UDG
1372,New Pacific Airlines,7H,RVF
1373,New Way Cargo Airlines,NU,NWY
1374,New Zealand - Royal New Zealand Air Force,,KIW
1375,NG Eagle,2N,XLE
1376,NHC Northern Helicopter,,NHC
1377,NHV,,NHD
1378,NHV Helicopters,,NHZ
1379,Nicholas Air,,JTZ
1380,Niger Airlines,6N,NIN
1381,Nigeria - Air Force,,NGR
1382,Nile Air,NP,NIA
1383,Nippon Cargo Airlines,KZ,NCA
1384,Nok Air,DD,NOK
1385,Nolinor Aviation,N5,NRL
1386,Nomad Aviation,,NUM
1387,Nomadic Aviation,,OMD
1388,Noordzee Helikopters Vlaanderen,,NHX
1389,Nordic Unmanned,,NOU
1390,Nordica,ND,NDA
1391,NordStar,Y7,TYA
1392,Nordwind Airlines,N4,NWS
1393,Norlandair,,FNA
1394,NORRA,N7,FCM
1395,Norse,N0,NBT
1396,Norse UK,Z0,UBT
1397,Norsk Luftambulanse,,DOC
1398,North Cariboo Air,,NCB
1399,North Central,,NCJ
1400,North Flying,,NFA
1401,North Pole Parcel Service,,R3D
1402,North Star Aviation,,MVK
1403,North-West Air Company,0E,NWC
1404,North-Western Cargo International Airlines,CO,CNW
1405,North-Wright Airways,HW,NWL
1406,Northeastern Aviation Corporation,,NEW
1407,Northern Air,,NLI
1408,Northern Air Cargo,NC,NAC
1409,Northern Jet Management,,NJM
1410,Northern Thunderbird Air,,NTA
1411,Northway Aviation,,NAL
1412,Northwest Flyers,,NWF
1413,Northwestern Air,J3,PLR
1414,Norway - Air Force,,NOW
1415,Norwegian,DY,NOZ
1416,Norwegian Air Sweden,D8,NSZ
1417,Nouvelair Tunisie,BJ,LBT
1418,Nova Airways,,NOV
1419,Novair,NG,NAI
1420,NovaJet,,NOJ
1421,Novoair,VQ,NVQ
1422,Nxt Jet,,KPO
1423,Nyxair,OJ,NYX
1424,Offshore Helicopter Services,,ULR
1425,Ohio State University,,OSU
1426,OK Aviation,,NTF
1427,Okay Airways,BK,OKA
1428,Oklahoma State University,,OST
1429,Olympic Air,OA,OAL
1430,Olympus Airways,,OLY
1431,Oman - Royal Air Force,,MJN
1432,Oman Air,WY,OMA
1433,Omni Air International,OY,OAE
1434,Omni Air Transport,,DRL
1435,Omni Aviation,,OAV
1436,Omni Taxi Aereo,,OMI
1437,One Air,HC,HGO
1438,One Airways,OX,OEW
1439,Orbest,6O,OBS
1440,Orenburzhye,O7,ORG
1441,Oriental Air Bridge,OC,ORC
1442,Origin Air,OG,OGN
1443,Ornge Air,,PUL
1444,Ortac,,ORT
1445,Oscar Jet,,OSJ
1446,OSM Aviation Academy,,SCQ
1447,OTT Airlines,JF,OTT
1448,Overland Airways,OF,OLA
1449,Owenair,,OWE
1450,Oxford Aviation Academy,,OXF
1451,Oyonnair,,OYO
1452,P80 Air,,PMG
1453,Paccair,,WIS
1454,Pacific Airlines,BL,PIC
1455,Pacific Coast Jet,,PXT
1456,Pacific Coastal Airlines,8P,PCO
1457,PADAviation,,PVD
1458,Pakistan International Airlines,PK,PIA
1459,PAL Aerospace,,SPR
1460,PAL Airlines,PB,PVL
1461,PAL Express,2P,GAP
1462,Palau Express Airlines,P9,PXC
1463,Palau National Airlines,4L,PNA
1464,Pan American Airways,PN,PAA
1465,Pan Europeenne,,EUP
1466,Pan Europeenne Air Service,,PEA
1467,Panaviatic,,VPC
1468,Panellenic Airlines,,RJB
1469,Panorama Airways,5P,UZP
1470,Panorama Aviation,,PNO
1471,Paranair,ZP,AZP
1472,Pascan Aviation,P6,PSC
1473,PassionAir,OP,DIG
1474,Patient Airlift Services,,PLZ
1475,Patria Pilot Training,,PPT
1476,Patriot Aviation,,PTT
1477,PDG Aviation Services,,PDG
1478,Peach,MM,APJ
1479,Pegasus,PC,PGT
1480,Pegasus Elite Aviation,,PEG
1481,Pel-Air,,PFY
1482,Pelita Air,IP,PAS
1483,People's,PE,PEV
1484,Performance Air,,PRZ
1485,Perimeter Aviation,YP,PAG
1486,Peru - Air Force,,FPR
1487,Peru - Navy,,INP
1488,Petroleum Air Service,UF,PER
1489,Petropavlovsk-Kamchatsky Air,,PTK
1490,PHI,,PHM
1491,Philippine Airlines,PR,PAL
1492,Philippines AirAsia,Z2,APG
1493,Phoenix Aerospace,,PIX
1494,Phoenix Air,PH,GRB
1495,Phoenix East Aviation,,JED
1496,Piedmont Airlines,PT,PDT
1497,Pilatus Flugzeugwerke,,PCH
1498,Pilot Flight Academy,,PIP
1499,Pineapple Air,,PNP
1500,Pink Sparrow,,SOW
1501,Pionair Australia,,SFZ
1502,Pivot Airlines,ZX,GGN
1503,PixAir Survey,,PXR
1504,Placar Linhas Aéreas,,PLS
1505,Planemaster Services,,PMS
1506,PlaneSense,,CNS
1507,Platoon Aviation,,PTN
1508,Play,OG,FPY
1509,Plus Ultra,PU,PUE
1510,PNG Air,CG,TOK
1511,Pobeda,DP,PBD
1512,Poland - Air Force,,PLF
1513,Poland - Navy,,PNY
1514,Polar Air Cargo,PO,PAC
1515,Polar Airlines,PI,RKA
1516,Polish Medical Air Rescue,,LPR
1517,populAir,HP,APF
1518,Porter,P3,PTR
1519,Porter Airlines Canada,PD,POE
1520,Portugal - Air Force,,AFP
1521,Portugal - Army,,POA
1522,Portugal - Navy,,PON
1523,Portugalia Airlines,NI,PGA
1524,Poste Air Cargo,M4,MSA
1525,Pradhaan Air Express,6P,PRX
1526,Pratt and Whitney,,PWC
1527,Precision Air,PW,PRF
1528,Premier Jets,,PJI
1529,Premier Private Jets,,MVP
1530,Presidential Aviation,,PRD
1531,Priester Aviation,,PWA
1532,Prime Aviation.,,PKZ
1533,Prince Aviation,,PNC
1534,Priority Air Charter,,PRY
1535,Privaira,,PVO
1536,Private Jet Center,,PJC
1537,Private Jets,,OKC
1538,Private Wings,JW,PWF
1539,Privilege Style,P6,PVG
1540,ProAir Aviation,,PAV
1541,Proflight Zambia,P0,PFZ
1542,Propair,,PRO
1543,PSA Airlines,OH,JIA
1544,Purdue University,,PDU
1545,QA Aviation,,QAV
1546,Qanot Sharq,HH,QNT
1547,Qantas,QF,QFA
1548,QantasLink,,QLK
1549,Qatar - Amiri Flight,,QAF
1550,Qatar Airways,QR,QTR
1551,Qatar Executive,QE,QQE
1552,Qayatawa Air,,QYT
1553,Qazaq Air,IQ,QAZ
1554,Qeshm Airlines,QB,QSM
1555,QinetiQ,,EIS
1556,QinetiQ / Empire Test Pilots School,,ETP
1557,Qingdao Airlines,QW,QDA
1558,Qingdao Jiutian International Flight Academy,,QJT
1559,Quanta Aviation Services,,PWR
1560,Quest Diagnostics,,LBQ
1561,Quick Air Jet Charter,,QAJ
1562,Quikjet Cargo Airlines,QO,FQA
1563,RAF-Avia,MT,MTL
1564,Raindo United Service,R0,RBF
1565,RAM Express,,RXP
1566,Rano Air,R4,RAN
1567,Ravenair,,RVR
1568,Raya Airways,TH,RMY
1569,Rayani Air,RN,RKT
1570,REACH Air Medical Services,,REH
1571,Real Tonga Airline,,RLT
1572,Really Cool Airlines,,LUV
1573,Rectimo Air Transports,,RTO
1574,Rectrix Aviation,,RIX
1575,Red Air,L5,REA
1576,Red Sea Airlines,4S,RSX
1577,Red Wing Aviation,,LAK
1578,Red Wings,WZ,RWZ
1579,Redding Aero Enterprises,,BXR
1580,Redstar Aviation,,RHH
1581,Reeve Air Alaska,,RVV
1582,REGA Swiss Air-Ambulance,,SAZ
1583,REGA Swiss Air-Rescue,,RGA
1584,Regency Air,,RGY
1585,Regent Airways,RX,RGE
1586,Regional,YS,RAE
1587,Regional Air Services,8N,REG
1588,Reliable Airlines,,HPN
1589,Reliant Air,,RLI
1590,Renegade Air,,RNG
1591,Rennia Aviation,,RNI
1592,Republic Airways,YX,RPA
1593,Revv Aviation,,FRV
1594,Rex,ZL,RXA
1595,RGA-Black Stone Airlines,,RGM
1596,Rhoades Aviation,T4,RDS
1597,Richland Aviation,,RCA
1598,Richmor Aviation,,RJC
1599,Rimbun Air,RI,OEY
1600,RiseAir,4T,WEW
1601,Riyadh Air,,RXI
1602,Romania - Air Force,,ROF
1603,ROMCargo Airlines,NJ,RCR
1604,Roraima Airways,,ROM
1605,Rose Air,,REM
1606,Rossiya,FV,SDM
1607,Rotana Jet,RG,RJD
1608,Royal Air Freight,,RAX
1609,Royal Air Maroc,AT,RAM
1610,Royal Brunei Airlines,BI,RBA
1611,Royal Falcon,,RFJ
1612,Royal Jordanian,RJ,RJA
1613,Royal Wings,JO,RYW
1614,Royalair Philippines,RW,RYL
1615,RS Avia,,URA
1616,Rubystar,,RSB
1617,Ruili Airlines,DR,RLH
1618,Rusline,7R,RLU
1619,Russia - 223rd Flight Unit State Airline,,CHD
1620,Russia - 224th Flight Unit State Airline,,TTF
1621,Russia - Air Force,,RFF
1622,Russia - Ministry of Emergency Situations (MChS),,SUM
1623,Russia - National Guard,,RIF
1624,Russia - Special Flight Squadron,,RSD
1625,Rutaca Airlines,5R,RUC
1626,RVL Aviation,,REV
1627,RwandAir,WB,RWD
1628,RWL German Flight Academy,,RWL
1629,Ryan Air (USA),7S,RYA
1630,Ryanair,FR,RYR
1631,Ryanair UK,RK,RUK
1632,S7 Airlines,S7,SBI
1633,SA Red Cross Air Mercy Service,,AMD
1634,SAAB Aircraft,,SCT
1635,SAAB Nyge Aero,,TGT
1636,SAF Helicopteres,,SHP
1637,Safari Express Cargo,ZF,SXY
1638,Safarilink Aviation,F2,XLK
1639,Saha Airlines,,IRZ
1640,Sahel Aviation Service,,SAO
1641,Saint Louis University,,BKN
1642,SalamAir,OV,OMS
1643,Salzburg Jet Aviation,,MOZ
1644,Sama Airline,,SDP
1645,Samoa Airways,OL,PAO
1646,San Marino Executive Aviation,,SMF
1647,Sansa,RZ,LRS
1648,Sapsan Airline,S2,KGB
1649,Sardinian Sky Service,,SSR
1650,SAS,SK,SAS
1651,SAS Connect,SL,SZS
1652,SAS Link,,SVS
1653,SATA Air Acores,SP,SAT
1654,Satena,9R,NSE
1655,Saudi Arabia - Air Force,,RSF
1656,Saudi Arabia - Royal Flight,,SRA
1657,Saudia,SV,SVA
1658,Saurya Airlines,,SAU
1659,Sawyer Aviation,,SJA
1660,SaxonAir,,SXN
1661,Scanwings,,ABF
1662,SCAT,DV,VSV
1663,Schmiedel Air Service,,SAB
1664,Scoot,TR,TGW
1665,Seaborne,BB,SBS
1666,SEair International,XO,SGD
1667,Searca,,SRC
1668,Secure Air Charter,,JCM
1669,SelectJet,,JSL
1670,Sepehran Airlines,IS,SHI
1671,Serbia - Air Force,,SRB
1672,Serene Air,ER,SEP
1673,Servicios Optimos de Aeroenlace,,ENL
1674,Servizi Aerei,,SNM
1675,Sevenair,,RVP
1676,Severstal Aircompany,D2,SSF
1677,SF Airlines,O3,CSS
1678,Shandong Airlines,SC,CDG
1679,Shandong Dagao International Flight Academy,,RXF
1680,Shanghai Airlines,FM,CSH
1681,Shell Aviation,,PEX
1682,Shenzhen Airlines,ZH,CSZ
1683,Shirak Avia,5G,SHS
1684,Shree Airlines,N9,SHA
1685,Shuttle America,S5,TCF
1686,Siam General Aviation,5E,SGN
1687,Sichuan Airlines,3U,CSC
1688,Sideral Linhas Aereas,,SID
1689,Sierra Charlie Aviation,,SCA
1690,Sierra Pacific Airlines,SI,SPA
1691,Sierra West Airlines,,PKW
1692,Silesia Air,,SUA
1693,Silk Way Airlines,ZP,AZQ
1694,Silk Way West Airlines,7L,AZG
1695,Silkavia,US,USA
1696,Silver Air,,SIS
1697,Silver Air,,SLD
1698,Silver Airways,3M,SIL
1699,Silver Cloud Air,,SCR
1700,Silverhawk Aviation,,SLH
1701,Simrik Airlines,,RMK
1702,Singapore - Air Force,,SAF
1703,Singapore Airlines,SQ,SIA
1704,Singapore Airlines Cargo,,SQC
1705,Sino Jet,,SJM
1706,Sino Jet Beijing,,JBE
1707,Sirio,,SIO
1708,Sirius Aero,SA,CIG
1709,SKS Airways,KI,SJB
1710,Sky Airline,H2,SKU
1711,Sky Airline Peru,H8,SKX
1712,Sky Angkor Airlines,ZA,SWM
1713,Sky Bus,,HVY
1714,Sky Cana,RD,SNA
1715,SKY express,GQ,SEH
1716,Sky Fru,,KGZ
1717,Sky Helicopteros,,HSY
1718,Sky Jet M.G.,DU,LIZ
1719,Sky KG Airlines,,KGK
1720,Sky Lease Cargo,GG,KYE
1721,Sky Mali,ML,FML
1722,Sky Prime Aviation,,SPD
1723,Sky Quest,,ERY
1724,Sky Shuttle Helicopters,A7,HHK
1725,Sky Vision Airlines,,SVI
1726,SkyAlps,BQ,SWU
1727,Skyborne Airline Academy,,SFY
1728,Skybridge,,KYB
1729,Skybus,,IOS
1730,SkyCare,,PHX
1731,Skyfirst,,KFE
1732,SKYhigh Dominicana,DO,SHH
1733,SkyJet Airlines,M8,MSJ
1734,Skyline Express,QU,UTN
1735,SkyLink Express,,SLQ
1736,Skymark Airlines,BC,SKY
1737,Skymark Executive,,SMB
1738,Skypower Express Airways,NV,EAN
1739,Skyservice Business Aviation,,SYB
1740,Skyside,,SKV
1741,Skytaxi,TE,IGA
1742,Skytrack Systems,,TTQ
1743,Skytrans,QN,SKP
1744,SkyUp Airlines,PQ,SQP
1745,SkyUp MT,U5,SEU
1746,Skyvalue Airways,4A,DYN
1747,Skyward Express,OW,SEW
1748,Skyway Enterprises,,SKZ
1749,SkyWest Airlines,OO,SKW
1750,SkyWest Charter,CW,SCW
1751,Slam Lavori Aerei,,SLJ
1752,Sloane Helicopters,,SLN
1753,Slovakia - Air Force,,SQF
1754,Slovakia - Government,,SSG
1755,Slovenia - Air Force,,LSV
1756,Slovenia - Government,,GSI
1757,Smart Aviation,,SME
1758,Smart Jet,,SAH
1759,Smart Jet International,,SJI
1760,Smartavia,5N,AUL
1761,Smartline,,SMG
1762,SmartLynx,6Y,ART
1763,SmartLynx Estonia,,MYX
1764,SmartLynx Malta,2N,LYX
1765,Smartwings,QS,TVS
1766,Smartwings Hungary,7O,TVL
1767,Smartwings Poland,3Z,TVP
1768,Smartwings Slovakia,6D,TVQ
1769,Solairus Aviation,,TWY
1770,Solaseed Air,6J,SNJ
1771,Solenta Aviation,,SET
1772,Solenta Aviation Cote D'Ivoire,,SIV
1773,Solenta Aviation Gabon,,SVG
1774,Solid Air,,SOX
1775,Solinair,ZS,SOP
1776,Solomon Airlines,IE,SOL
1777,Soma Jets,,OZK
1778,Somon Air,SZ,SMR
1779,Songbird Airways,6K,SGB
1780,Sounds Air,,SDA
1781,South Africa - Air Force,,LMG
1782,South African Airways,SA,SAA
1783,Southern Air Charter,PL,SOA
1784,Southern Airways Express,9X,FDY
1785,Southern Cross International,,SXI
1786,Southwest Aircraft Charter,,CAK
1787,Southwest Airlines,WN,SWA
1788,Southwind Airlines,2S,STW
1789,Spain - Air Force,,AME
1790,Spain - Army,,ETF
1791,Spain - Coast Guard,,SSM
1792,Spain - Guardia Civil,,DGC
1793,Spain - National Police,,DGP
1794,Sparfell Luftfahrt,,LDX
1795,Sparfell Malta,,QFX
1796,Spartan College of Aeronautics and Technology,,SCU
1797,Specialist Aviation Services,,PLC
1798,Speedwings Executive Jet,,SPG
1799,SpiceJet,SG,SEJ
1800,Spirit Airlines,NK,NKS
1801,SpiritJets,,SJJ
1802,Spree Flug,,SFG
1803,Spring Airlines,9C,CQH
1804,Spring Japan,IJ,SJO
1805,SprintAir,P8,SRN
1806,SprintAir Cargo,,SAR
1807,SR Jet,,QSR
1808,SriLankan Airlines,UL,ALK
1809,Sriwijaya Air,SJ,SJY
1810,St Barth Commuter,PV,SBU
1811,St Barth Executive,LE,STB
1812,STAjets,,KFB
1813,Star Air,S5,SDG
1814,Star Air Cargo,,BRH
1815,Star East Airlines,4R,SEK
1816,Star Fly Wings,,SYW
1817,Star Peru,2I,SRU
1818,Star Wings,,STQ
1819,Star Work Sky,,SWP
1820,Starflyer,7G,SFJ
1821,Stark Airways,,XSK
1822,Starlight Airlines,QP,SLT
1823,Starlink Aviation,Q4,TLK
1824,Starlite Aviation,,TRL
1825,Starlux,JX,SJX
1826,Sterling Airways,VC,SRY
1827,Sterling Aviation,,NSH
1828,STP Airways,8F,STP
1829,Su Airlines,,SUE
1830,Suburban Air Freight,,SUB
1831,Sudan Airways,SD,SUD
1832,Summit Air,,SUT
1833,Summit Aviation,,YEL
1834,Sun Air,,SAV
1835,Sun Air,SO,SNR
1836,Sun Country Airlines,SY,SCX
1837,Sun-Air,EZ,SUS
1838,Sunclass Airlines,DK,VKG
1839,Suncor Energy,,JSN
1840,Sundair,SR,SDR
1841,Sundance Air Venezuela,,SUV
1842,Sundt Air,,AKK
1843,Sundt Air,,MDT
1844,SunExpress,XQ,SXS
1845,Sunkar Air,,BBK
1846,Sunlight Air,2R,RLB
1847,Sunrise Airways,S6,KSZ
1848,Sunstate Airlines,,SSQ
1849,Sunwest Aviation,,CNK
1850,Sunwing Airlines,WG,SWG
1851,Suparna Airlines,Y8,YZR
1852,Super Air Jet,IU,SJV
1853,Supernova Airlines,P7,NPG
1854,Surf Air,,URF
1855,Surinam Airways,PY,SLM
1856,Surveillance Australia,,BDF
1857,Susi Air,,SQS
1858,Suzhou Aviation,,CBW
1859,Svensk Luftambulans,,SWV
1860,Svenskt Ambulansflyg,,SWE
1861,Svenskt Industriflyg,,JET
1862,SVG Air,,SVD
1863,Sweden - Armed Forces,,SVF
1864,Sweden - Coast Guard,,KBV
1865,Sweden - Police,,POL
1866,Sweden - Swedish Maritime Administration,,HMF
1867,Swift Copters,,WFC
1868,Swiftair,WT,SWT
1869,Swiftair Hellas,,MDF
1870,Swiss,LX,SWR
1871,Swiss Flight Services,,SFS
1872,Swiss Helicopter,,HSI
1873,Swiss Private Jet,,SWW
1874,Switzerland - Air Force,,SUI
1875,SXM Airways,,SXM
1876,Sylt Air,7E,AWU
1877,Syncrude Canada,,SYN
1878,Syphax Airlines,Y3,SYA
1879,Syrian Air,RB,SYR
1880,T'way Air,TW,TWB
1881,TAAG Angola Airlines,DT,DTA
1882,TAB Cargo,2L,BOL
1883,Taban Airlines,,TBN
1884,TAG Aviation,,VIP
1885,TAG Aviation Asia,,TBJ
1886,TAG Aviation Cayman,,TCJ
1887,TAG Aviation Malta,,TEU
1888,TAG Aviation San Marino,,TAG
1889,TagAirlines,5U,TGU
1890,Taiga Air,,TGA
1891,Tailwind Airlines,TI,TWI
1892,Tajik Air,7J,TJK
1893,Talon Air,,TFF
1894,Tanana Air Service,Z3,TNR
1895,Tandem-Aero,TQ,TDM
1896,TAP Air Portugal,TP,TAP
1897,Taquan Air,K3,TQN
1898,TAR Aerolineas,YQ,LCT
1899,Tarco Aviation,3T,TQQ
1900,Tarom,RO,ROT
1901,Tashkent Air,,TSK
1902,Tasman Cargo Airlines,HJ,TMN
1903,Tassili Airlines,SF,DTH
1904,Tatra JET,,TTJ
1905,Tbilisi Airways,TD,TBC
1906,TCA,N6,TZS
1907,Team Global Express,,TFX
1908,Ten Airways,X5,OTJ
1909,Terra Avia,T8,TVR
1910,Texel Air,,XLR
1911,Texel Air Australasia,,TNZ
1912,Tez Jet Airlines,K9,TEZ
1913,Thai AirAsia,FD,AIQ
1914,Thai AirAsia X,XJ,TAX
1915,Thai Airways,TG,THA
1916,Thai Lion Air,SL,TLM
1917,Thai VietJet Air,VZ,TVJ
1918,Thalair,,TLJ
1919,Thales UK Flight Inspection Service,,CLB
1920,The Little Jet Company,,LJC
1921,The Mitre Corporation,,MIP
1922,Thrive,,TIV
1923,Thrust Flight,,TRF
1924,Thunder Airlines,,THU
1925,Tianjin Air Cargo,HT,CTJ
1926,Tianjin Airlines,GS,GCR
1927,Tibet Airlines,TV,TBA
1928,Tigerair Taiwan,IT,TTW
1929,Time Air,,TIE
1930,Tinadar Jets,,NAD
1931,Titan Airways,ZT,AWC
1932,Titan Airways Malta,TM,TMT
1933,Total Express,,TOT
1934,Total Linhas Aereas,0T,TTL
1935,Toyo Aviation,,TOY
1936,Trade Air,C3,TDR
1937,Tradewind Aviation,TJ,GPD
1938,Trans Air Congo,Q8,TSG
1939,Trans Am Aero Express del Ecuador,7T,RTM
1940,Trans Guyana Airways,,TGY
1941,Trans Island Airways,,GGT
1942,Trans Maldivian Airways,,TMW
1943,Transair,R2,GTS
1944,Transair,R9,MUI
1945,Transavia,HV,TRA
1946,Transavia France,TO,TVF
1947,Transaviabaltika,,KTB
1948,Transaviaexport Airlines,,TXC
1949,TransNusa,8B,TNU
1950,Travel Management Company,,TMC
1951,Travira Air,,TVV
1952,Travya,,CEO
1953,Trebet Aviation,,AOO
1954,Tri-State Aero,,TSS
1955,Trident Aircraft,,WMN
1956,Trigana Air,IL,TGN
1957,Tropic Air,9N,TOS
1958,Tropic Ocean Airways,TI,FTO
1959,Tsaradia,TZ,TDS
1960,TUI Airlines Belgium,TB,JAF
1961,TUI Airlines Netherlands,OR,TFL
1962,TUI Airways,BY,TOM
1963,TUI fly,X3,TUI
1964,TUI fly Nordic,6B,BLX
1965,Tulpar,,RFE
1966,TUM AeroCarga,T2,MCS
1967,Tunisair,TU,TAR
1968,Tunisair Express,UG,TUX
1969,Tunisia - Air Force,,TUN
1970,Turkey - Air Force,,HVK
1971,Turkey - Government,,TRK
1972,Turkish Airlines,TK,THY
1973,Turkmenistan - Government,,TUG
1974,Turkmenistan Airlines,T5,TUA
1975,Turpial Airlines,T9,VTU
1976,Tus Air,U8,CYF
1977,Twin Jet,T7,TJT
1978,Tyrol Air Ambulance,,TYW
1979,Tyrolean Jets & Services,,TJS
1980,Tyrolean Jets & Services Malta,,TYJ
1981,UG Jet,,UGJ
1982,Uganda Airlines,UR,UGD
1983,Ukraine - State Air Traffic Service,,UTS
1984,Ukraine Air Alliance,,UKL
1985,Ukraine International Airlines,PS,AUI
1986,Ukrainian Wings,,UWJ
1987,ULS Airlines Cargo,GO,KZU
1988,Ultimate Air Shuttle,UE,UJC
1989,UmzaXpress,,UMZ
1990,UND Aerospace,,NDU
1991,UNI Air,B7,UIA
1992,Uni-Fly,,UNC
1993,Uni-Fly Heliworx,,UFX
1994,Uni-Top Airlines,UW,UTP
1995,Unicair,,UNI
1996,Union Aviation,,UAG
1997,Unique Air,,UQA
1998,United Airlines,UA,UAL
1999,United Arab Emirates - Air Force,,UAF
2000,United Aviate Academy,,VAR
2001,United Eagle,,UEE
2002,United Kingdom - Air Ambulance,,HLE
2003,United Kingdom - Army Air Corps,,AAC
2004,United Kingdom - Coast Guard,,SRD
2005,United Kingdom - Maritime and Coastguard Agency,,SRG
2006,United Kingdom - RAF Support Helicopter Force,,SHF
2007,United Kingdom - RAF Warton Military Flight Ops,,WTN
2008,United Kingdom - Royal Air Force,,RFR
2009,United Kingdom - Royal Air Force Air Transport,,RRR
2010,United Kingdom - Royal Navy,,NVY
2011,United Kingdom - UK Royal/VIP Flights,,KRF
2012,United Nations,,UNO
2013,United Nigeria Airlines,UN,NUA
2014,United States - Air Force,,RCH
2015,United States - FAA,,NHK
2016,United States - NASA,,IGY
2017,United States - NOA,,NOA
2018,United States - US Department of Interior,,DOI
2019,United States - US Department of Justice,,DOJ
2020,United States - US Department of State,,DOS
2021,United States - US Forest Service,,XCN
2022,United States - US Immigration and Customs Enforcement,,RPN
2023,United States - US Marshals Service,,MSH
2024,Universal Air,VO,UVL
2025,University of Central Missouri,,UCM
2026,University of Oklahoma,,OUA
2027,Uniworld Air Cargo,U7,UCG
2028,UPS,5X,UPS
2029,UR Airlines,UD,UBD
2030,Ural Airlines,U6,SVR
2031,Urumqi Air,UQ,CUH
2032,US-Bangla Airlines,BS,UBG
2033,USA Jet Airlines,UJ,JUS
2034,USC,XG,USY
2035,Utair,UT,UTA
2036,UVT Aero,RT,UVT
2037,Uzbekistan Airways,HY,UZB
2038,V Air,ZV,VAX
2039,Valair,,VVV
2040,Valletta Airlines,,HOT
2041,VallJet,,VLJ
2042,ValueJet,VK,FVJ
2043,Van Air Europe,V9,VAA
2044,Varesh Airlines,,VRH
2045,Vasco,0V,VFC
2046,Venezolana,WW,KXP
2047,Venezolana,,VNE
2048,Ventura,,VNT
2049,Venture West,,VWA
2050,VeriJet,,WSP
2051,Veteran Airline,,VTF
2052,Veteran Airlines,,VPB
2053,VI Airlink,,VIL
2054,Via Air,,VID
2055,Victory Air,,FTN
2056,Vieques Air Link,V4,VES
2057,VietJet Air,VJ,VJC
2058,Vietnam Airlines,VN,HVN
2059,Vietravel Airlines,VU,VAG
2060,Virgin Atlantic,VS,VIR
2061,Virgin Atlantic International,,VGI
2062,Virgin Australia,VA,VOZ
2063,Virgin Australia Regional,,OZW
2064,Vision Air International,,VIS
2065,Vision Airlines,V2,RBY
2066,Vista America,,VJA
2067,VistaJet,,VJT
2068,VistaJet,H5,VJH
2069,Vistara,UK,VTI
2070,VivaAerobus,VB,VIV
2071,VoePass,2Z,PTB
2072,Volare Aviation,,VLZ
2073,Volaris,Y4,VOI
2074,Volaris Costa Rica,Q6,VOC
2075,Volaris El Salvador,N3,VOS
2076,Volato,,TMB
2077,Volga-Dnepr Airlines,VI,VDA
2078,Volotea,V7,VOE
2079,Voluxis,,VXS
2080,Voyage Air,,VRG
2081,Voyageur Airways,VC,VAL
2082,Vueling,VY,VLG
2083,VW Air Service,,BTX
2084,Wamos Air,EB,PLM
2085,Warbelows Air Ventures,4W,WAV
2086,Wasaya Airways,WP,WSG
2087,Wataniya Airways,,WAN
2088,Wermlandsflyg,,SWX
2089,Wermlandsflyg,,BLW
2090,West Air,PN,CHB
2091,West Air,,WLX
2092,West Air,,PCM
2093,West Air Sweden,T2,SWN
2094,West Atlantic,,NPT
2095,West Coast Charters,,WCC
2096,West Link Airlines,,WLN
2097,Westair Aviation,,WAA
2098,Westair Helicopter Saudi,,WSH
2099,Western Air,WU,WST
2100,Western Air Express,,WAE
2101,Western Aircraft,ST,STT
2102,Western Global Airlines,KD,WGN
2103,Western Michigan University College of Aviation,,WMU
2104,WestJet,WS,WJA
2105,WestJet Encore,WR,WEN
2106,Wheels Up,,WUP
2107,White,WI,WHT
2108,Wideroe,WF,WIF
2109,Wiggins Airways,,WIG
2110,Wiking Helikopter Service,,WHS
2111,Winair,WM,WIA
2112,Windrose Air Jetcharter,,QGA
2113,Windrose Airlines,7W,WRC
2114,Wing Aviation,,CWG
2115,Wingo,,RPB
2116,Wingo Panama,WH,WWP
2117,Wings Air,IW,WON
2118,Wizz Air,W6,WZZ
2119,Wizz Air Abu Dhabi,5W,WAZ
2120,Wizz Air Malta,W4,WMT
2121,Wizz Air UK,W9,WUK
2122,Woodgate Aviation,,CWY
2123,World Atlantic Airlines,WL,WAL
2124,World Cargo Airlines,3G,WCM
2125,World2Fly,2W,WFL
2126,World2Fly Portugal,3P,WPT
2127,Worldwide Jet Charter,,WWI
2128,Wright Air Service,8V,WRF
2129,XE Jet,,XEJ
2130,Xead Aviation,,XED
2131,Xfly,EE,EST
2132,Xiamen Air,MF,CXA
2133,Xinjiang Skylink General Aviation,,KGA
2134,Xo,,XOJ
2135,Yakutia Airlines,R3,SYL
2136,Yamal Airlines,YC,LLM
2137,YanAir,YE,ANR
2138,Yazd Airways,,DZD
2139,Yemenia,IY,IYE
2140,Yeti Airlines,YT,NYT
2141,YTO Cargo Airlines,YG,HYT
2142,Z Air,7Z,EZR
2143,Zafer Air,,HMZ
2144,Zagros Airlines,ZO,IZG
2145,Zambia Airways,ZN,AZB
2146,Zanair,,TAN
2147,Zenflight,,XEN
2148,Zenith Aviation,,BZE
2149,Zetavia,ZK,ZAV
2150,Zeusch Aviation,,SUZ
2151,Zhou Ji Airlines,,JCN
2152,Zil Air,,SYZ
2153,Zimex Aviation,XM,IMX
2154,Zimex Aviation Austria,ZX,AZD
2155,Zipair,ZG,TZP
2156,Zooom,ZO,ZOM
2157,Zorex,,ORZ
2158,ZYB Lily Jet,,MZT